이름,랭킹
서연,1
서윤,2
지우,3
서현,4
민서,5
하은,6
하윤,7
윤서,8
지민,9
지유,10
채원,11
지윤,12
은서,13
수아,14
다은,15
예은,16
수빈,17
지아,18
소율,19
예원,20
지원,21
예린,22
소윤,23
유진,24
시은,25
지안,26
하린,27
채은,28
가은,29
서영,30
윤아,31
민지,32
유나,33
예진,34
수민,35
수연,36
연우,37
예서,38
예나,39
주아,40
시연,41
서아,42
연서,43
현서,44
다연,45
하율,46
다인,47
아인,48
서은,49
서진,50
유빈,51
하연,52
채윤,53
수현,54
유주,55
시아,56
서율,57
지율,58
서우,59
예지,60
나윤,61
다현,62
아린,63
민주,64
지은,65
나연,66
윤지,67
소은,68
시현,69
예빈,70
지현,71
사랑,72
소연,73
혜원,74
서하,75
지수,76
은채,77
나은,78
주하,79
승아,80
아윤,81
서희,82
나현,83
소민,84
채아,85
민아,86
채린,87
다윤,88
세은,89
하영,90
도연,91
규리,92
아영,93
세아,94
지연,95
예림,96
가윤,97
태희,98
민채,99
주은,100
유정,101
다온,102
시윤,103
보민,104
민정,105
소현,106
연아,107
현지,108
수진,109
민경,110
아현,111
정원,112
가현,113
나경,114
은지,115
가연,116
지효,117
세연,118
윤하,119
가온,120
채연,121
예슬,122
한별,123
현아,124
라희,125
소희,126
효주,127
유림,128
하늘,129
채민,130
은솔,131
가영,132
주연,133
예주,134
혜린,135
유리,136
유하,137
다희,139
하진,140
다혜,141
태연,142
혜인,143
하람,144
지혜,144
하랑,146
승연,147
재인,148
소이,149
유민,150
은우,151
수인,152
윤슬,153
지영,154
수정,155
하나,156
다솜,157
다빈,158
설아,159
채영,160
주원,161
은유,162
시온,163
지후,164
고은,165
태은,166
나영,167
소영,168
태린,169
아라,170
수지,171
민하,172
재이,173
은별,174
보경,175
서인,176
다영,177
주희,178
정민,179
채현,180
리아,181
단아,182
효린,183
가빈,184
예솔,185
시우,186
소정,187
정윤,187
세빈,189
은재,190
한나,191
연재,192
서빈,193
연주,194
예담,194
아연,196
서정,197
슬아,198
해인,199
지온,200
예인,201
보미,202
지호,203
정연,204
하음,205
도희,206
라온,207
은빈,208
효은,209
아진,210
다원,211
서원,212
준희,213
연지,214
지인,215
재희,216
세인,217
채이,218
채희,220
은비,221
희원,222
나율,223
다율,224
가인,225
도은,226
윤주,227
혜민,228
채빈,229
다경,231
리원,232
미소,233
소미,234
유은,235
혜진,236
은수,237
은혜,238
연수,239
은율,240
효원,242
재은,243
세린,244
현진,245
민영,246
아름,247
하민,248
혜빈,249
정현,250
단비,251
유라,252
선우,253
정은,254
혜윤,255
세영,256
이안,258
여진,259
온유,260
리안,261
유이,262
제인,263
루아,264
윤진,265
은성,266
라윤,268
민솔,269
현정,270
유경,271
주현,272
세희,273
여원,274
가람,275
채율,276
가을,277
현주,278
서린,279
진서,280
이현,280
하온,282
연희,283
은설,284
윤채,284
소원,286
효민,287
라엘,288
혜림,289
도경,290
나린,291
진아,292
주영,293
하엘,294
다정,295
가희,296
로아,297
효빈,298
규빈,299
지예,300
라임,301
혜리,302
수영,302
지희,304
희주,305
하빈,306
해나,307
제이,308
시원,309
승희,310
은진,311
아림,312
려원,313
다예,314
소담,315
효정,316
혜주,317
윤희,317
리나,319
시영,320
하정,321
시율,322
가율,323
선아,324
효진,325
성은,326
희진,326
다민,328
정인,329
승현,329
윤정,331
은아,332
나희,333
하경,334
영은,335
해솔,336
규린,337
송현,338
윤솔,339
영서,340
은영,341
해린,342
보영,343
인서,344
지오,345
선유,346
민선,347
규림,348
이솔,349
재아,350
새봄,351
민희,352
하리,353
세현,354
승주,355
도윤,356
소유,357
아정,358
서이,359
유안,360
효림,361
아란,362
선영,363
우리,364
혜나,365
가원,365
이나,367
은하,368
수린,369
아율,370
태리,371
하임,372
태이,373
하늬,374
별하,375
도영,376
희수,377
희연,378
정아,378
예리,380
담희,380
다솔,382
송연,383
한비,384
은정,385
선율,386
시하,387
예온,388
서경,389
해원,390
혜연,391
예람,391
희서,393
하원,394
라은,395
은주,396
지나,397
윤영,398
루리,399
예랑,400
유미,401
유현,403
다해,404
이수,404
린,406
시안,407
여은,408
빛나,409
아람,410
경민,411
세령,412
세진,413
예영,414
혜정,415
하라,416
예령,416
리하,418
예윤,419
라율,420
도아,421
진희,423
수경,424
우주,425
하루,426
민진,427
태경,428
진주,429
수안,430
초아,431
수하,432
누리,433
보현,434
나예,435
인영,436
성연,437
승은,438
민,439
정빈,439
나원,441
경은,442
예현,442
하선,444
태인,444
연진,446
아리,446
인아,448
윤설,449
희정,450
나래,451
이레,452
규원,453
한솔,454
해윤,455
가민,456
로하,457
다미,458
규민,459
희윤,460
여울,461
혜은,462
지선,463
아민,464
율아,464
재연,466
소예,466
세윤,468
세하,469
유담,470
세나,471
혜영,472
이진,473
다겸,474
채령,475
재윤,476
나라,477
채하,478
시유,479
세라,480
서안,480
미나,482
주혜,484
안나,485
여름,486
연후,487
서유,488
혜령,489
보윤,491
민설,492
진영,493
도이,494
태림,494
해리,496
린아,498
유희,499
보람,500
